contact_id,first_name,last_name,email,phone,customer_id
1,Flor,Stone,flor.stone@raytheon.com,+1 317 123 4104,1
2,Lavera,Emerson,lavera.emerson@plainsallamerican.com,+1 317 123 4111,2
3,Fern,Head,fern.head@usfoods.com,+1 812 123 4115,3
4,Shyla,Ortiz,shyla.ortiz@abbvie.com,+1 317 123 4126,4
5,Jeni,Levy,jeni.levy@centene.com,+1 812 123 4129,5
6,Matthias,Hannah,matthias.hannah@chs.net,+1 219 123 4136,6
7,Matthias,Cruise,matthias.cruise@alcoa.com,+1 219 123 4138,7
8,Meenakshi,Mason,meenakshi.mason@internationalpaper.com,+1 317 123 4141,8
9,Christian,Cage,christian.cage@emerson.com,+1 219 123 4142,9
10,Charlie,Sutherland,charlie.sutherland@up.com,+1 317 123 4146,10
11,Charlie,Pacino,charlie.pacino@amgen.com,+1 812 123 4150,11
12,Guillaume,Jackson,guillaume.jackson@usbank.com,+1 812 123 4151,12
13,Daniel,Costner,daniel.costner@staples.com,+1 812 123 4153,13
14,Dianne,Derek,dianne.derek@danaher.com,+1 812 123 4157,14
15,Geraldine,Schneider,geraldine.schneider@whirlpoolcorp.com,+1 313 123 4159,15
16,Geraldine,Martin,geraldine.martin@aflac.com,+1 313 123 4160,16
17,Guillaume,Edwards,guillaume.edwards@autonation.com,+1 616 123 4162,17
18,Maurice,Mahoney,maurice.mahoney@progressive.com,+1 616 123 4181,18
19,Maurice,Hasan,maurice.hasan@abbott.com,+1 517 123 4191,19
20,Diane,Higgins,diane.higgins@dollargeneral.com,+1 517 123 4199,20
21,Dianne,Sen,dianne.sen@tenethealth.com,+1 517 123 4201,21
22,Maurice,Daltrey,maurice.daltrey@lilly.com,+1 517 123 4206,22
23,Tess,Roth,tess.roth@dteenergy.com,+1 313 123 4219,23
24,Ka,Kaufman,ka.kaufman@southwest.com,+1 313 123 4222,24
25,Sharyl,Montoya,sharyl.montoya@penskeautomotive.com,+1 517 123 4225,25
26,Daniel,Glass,daniel.glass@manpowergroup.com,+1 313 123 4226,26
27,Rena,Arnold,rena.arnold@assurant.com,+1 517 123 4228,27
28,Arlyne,Ingram,arlyne.ingram@kohlscorporation.com,+1 313 123 4230,28
29,Willie,Barrera,willie.barrera@starbucks.com,+1 616 123 4234,29
30,Mireya,Cochran,mireya.cochran@paccar.com,+1 313 123 4242,30
31,Marlene,Odom,marlene.odom@cummins.com,+1 616 123 4245,31
32,Jaclyn,Atkinson,jaclyn.atkinson@globalp.com,+1 313 123 4248,32
33,Al,Schultz,al.schultz@altria.com,+1 517 123 4253,33
34,Felicitas,Riley,felicitas.riley@xerox.com,+1 313 123 4255,34
35,Cora,Calhoun,cora.calhoun@kimberly-clark.com,+1 313 123 4263,35
36,Trula,Buckley,trula.buckley@thehartford.com,+1 517 123 4265,36
37,Sasha,Wallace,sasha.wallace@huntsman.com,+1 319 123 4271,37
38,Caitlin,Hill,caitlin.hill@kraftheinzcompany.com,+1 515 123 4273,38
39,Gino,Pickett,gino.pickett@lear.com,+1 319 123 4278,39
40,Amira,Macdonald,amira.macdonald@fluor.com,+1 712 123 4280,40
41,Mack,Morse,mack.morse@aecom.com,+1 319 123 4282,41
42,Eboni,Jarvis,eboni.jarvis@bd.com,+1 319 123 4288,42
43,Gabrielle,Dennis,gabrielle.dennis@facebook.com,+1 515 123 4290,43
44,Classie,Norris,classie.norris@jabil.com,+1 319 123 4301,44
45,Khalilah,Holman,khalilah.holman@centurylink.com,+1 745 123 4306,45
46,Isreal,Rose,isreal.rose@supervalu.com,+1 414 123 4307,46
47,Verena,Hopper,verena.hopper@generalmills.com,+1 414 123 4308,47
48,Audie,Flores,audie.flores@southerncompany.com,+1 608 123 4309,48
49,Gertrude,Cooke,gertrude.cooke@nexteraenergy.com,+1 608 123 4318,49
50,Princess,Kane,princess.kane@thermofisher.com,+1 414 123 4323,50
51,Jacinta,Faulkner,jacinta.faulkner@aep.com,+1 414 123 4324,51
52,Lashon,Wall,lashon.wall@pge.com,+1 414 123 4328,52
53,Corliss,Mcneil,corliss.mcneil@nglenergypartners.com,+1 608 123 4332,53
54,Brock,Webb,brock.webb@bms.com,+1 608 123 4344,54
55,Melany,Mcmahon,melany.mcmahon@goodyear.com,+1 414 123 4347,55
56,Rogelio,Kirby,rogelio.kirby@nucor.com,+1 414 123 4348,56
57,Wallace,Dillard,wallace.dillard@pnc.com,+1 414 123 4350,57
58,Gia,Boyle,gia.boyle@healthnet.com,+1 745 123 4367,58
59,Tennie,Gay,tennie.gay@micron.com,+1 414 123 4369,59
60,Ophelia,Hurst,ophelia.hurst@colgatepalmolive.com,+1 715 123 4372,60
61,Ciara,Flowers,ciara.flowers@fcx.com,+1 414 123 4373,61
62,Birgit,Stephenson,birgit.stephenson@conagrafoods.com,+1 608 123 4374,62
63,Shameka,Spencer,shameka.spencer@sempra.com,+1 414 123 4376,63
64,Alysa,Kane,alysa.kane@gapinc.com,+1 608 123 4378,64
65,Fransisca,Reeves,fransisca.reeves@bakerhughes.com,+1 414 123 4381,65
66,Jessika,Merritt,jessika.merritt@bnymellon.com,+1 612 123 4397,66
67,Agustina,Conner,agustina.conner@dollartree.com,+1 612 123 4399,67
68,Roxanna,Wade,roxanna.wade@autozone.com,+1 612 123 4408,68
69,Virgie,Mays,virgie.mays@wholefoodsmarket.com,+1 612 123 4417,69
70,Trang,Mcconnell,trang.mcconnell@ppg.com,+1 612 123 4419,70
71,Nada,West,nada.west@genpt.com,+1 507 123 4421,71
72,Catherina,Haney,catherina.haney@ielp.com,+1 218 123 4429,72
73,Harriette,Melton,harriette.melton@navistar.com,+1 612 123 4434,73
74,Willette,Rodgers,willette.rodgers@pfgc.com,+1 315 123 4442,74
75,Calandra,Williamson,calandra.williamson@omnicomgroup.com,+1 315 123 4447,75
76,Tamatha,Delgado,tamatha.delgado@dish.com,+1 716 123 4457,76
77,Felix,Ferguson,felix.ferguson@firstenergycorp.com,+1 518 123 4459,77
78,Elwood,Hampton,elwood.hampton@precast.com,+1 518 123 4464,78
79,Josh,Roach,josh.roach@monsanto.com,+1 518 123 4474,79
80,Luanna,Scott,luanna.scott@aes.com,+1 914 123 4494,80
81,Meryl,Cole,meryl.cole@carmax.com,+1 518 123 4496,81
82,Jannet,Elliott,jannet.elliott@discoverfinancial.com,+1 716 123 4575,82
83,Fae,Glenn,fae.glenn@nov.com,+1 914 123 4578,83
84,Francisco,Cummings,francisco.cummings@nrgenergy.com,+1 315 123 4597,84
85,Ermelinda,Benton,ermelinda.benton@westerndigital.com,+1 716 123 4599,85
86,Lasonya,Beard,lasonya.beard@marriott.com,+1 716 123 4605,86
87,Rayna,Tran,rayna.tran@libertyinteractive.com,+1 518 123 4617,87
88,Annice,Boyer,annice.boyer@walmart.com,+1 518 123 4618,88
89,Ja,Whitfield,ja.whitfield@exxonmobil.com,+1 914 123 4619,89
90,Jaime,Lester,jaime.lester@apple.com,+1 518 123 4624,90
91,Charlsie,Lindsey,charlsie.lindsey@berkshirehathaway.com,+1 215 123 4644,91
92,Jannette,Henry,jannette.henry@mckesson.com,+1 610 123 4657,92
93,Margart,Mccall,margart.mccall@unitedhealthgroup.com,+1 412 123 4662,93
94,Twanna,Cleveland,twanna.cleveland@cvshealth.com,+1 814 123 4663,94
95,Bronwyn,Horn,bronwyn.horn@gm.com,+1 610 123 4664,95
96,Jon,Petersen,jon.petersen@ford.com,+1 610 123 4667,96
97,Denny,Daniel,denny.daniel@att.com,+1 610 123 4669,97
98,Avis,Moore,avis.moore@ge.com,+1 717 123 4674,98
99,Eden,Burke,eden.burke@amerisourcebergen.com,+1 215 123 4676,99
100,Elisha,Lloyd,elisha.lloyd@verizon.com,+1 412 123 4681,100
101,Samara,Barnett,samara.barnett@chevron.com,+1 412 123 4684,101
102,Nadia,Sawyer,nadia.sawyer@costco.com,+1 412 123 4688,102
103,Melita,Holcomb,melita.holcomb@fanniemae.com,+1 412 123 4691,103
104,Evita,Dickerson,evita.dickerson@thekrogerco.com,+1 717 123 4692,104
105,Aundrea,Barry,aundrea.barry@amazon.com,+1 814 123 4696,105
106,Irvin,Leach,irvin.leach@walgreensbootsalliance.com,+1 814 123 4697,106
107,Kellee,Molina,kellee.molina@hp.com,+1 412 123 4700,107
108,Ronny,Sykes,ronny.sykes@cardinal.com,+1 814 123 4706,108
109,Ocie,Walton,ocie.walton@express-scripts.com,+1 215 123 4708,109
110,Reva,Fuller,reva.fuller@jpmorganchase.com,+1 610 123 4714,110
111,Marica,Henderson,marica.henderson@grainger.com,+1 412 123 4718,111
112,Vanetta,Gross,vanetta.gross@boeing.com,+1 215 123 4721,112
113,Audrea,Hayden,audrea.hayden@microsoft.com,+1 814 123 4722,113
114,Neda,Mcfadden,neda.mcfadden@bankofamerica.com,+1 412 123 4724,114
115,Dell,Wilkinson,dell.wilkinson@wellsfargo.com,+1 717 123 4730,115
116,Sharee,Carver,sharee.carver@baxter.com,+1 215 123 4738,116
117,Joaquina,Mcconnell,joaquina.mcconnell@homedep com,+1 717 123 4739,117
118,Carlyn,Calderon,carlyn.calderon@citigroup.com,+1 412 123 4740,118
119,Olga,Wilkins,olga.wilkins@phillips66.com,+1 717 123 4741,119
120,Delpha,Golden,delpha.golden@stryker.com,+1 215 123 4743,120
121,Sharell,Branch,sharell.branch@ibm.com,+1 610 123 4744,121
122,Eleanor,Farley,eleanor.farley@valero.com,+1 215 123 4745,122
123,Justina,Hayes,justina.hayes@antheminc.com,+1 717 123 4746,123
124,Omer,Macdonald,omer.macdonald@pg.com,+1 215 123 4748,124
125,Roseline,Hill,roseline.hill@airproducts.com,+1 717 123 4752,125
126,Janeen,Holt,janeen.holt@statefarm.com,+1 412 123 4763,126
127,Tory,Avila,tory.avila@google.com,+1 814 123 4766,127
128,Keila,Slater,keila.slater@comcastcorporation.com,+1 412 123 4767,128
129,Jazmin,Burch,jazmin.burch@target.com,+1 215 123 4768,129
130,Tandy,Ramsey,tandy.ramsey@wnr.com,+1 215 123 4771,130
131,Debra,Herring,debra.herring@jnj.com,+1 301 123 4794,131
132,Monnie,Walker,monnie.walker@metlife.com,+1 410 123 4795,132
133,Alvaro,Hooper,alvaro.hooper@adm.com,+1 410 123 4800,133
134,Leandro,West,leandro.west@marathonpetroleum.com,+1 410 123 4805,134
135,Lurline,Dennis,lurline.dennis@freddiemac.com,+1 410 012 4715,135
136,Aurea,Sanders,aurea.sanders@pepsico.com,+1 301 123 4809,136
137,Stacia,Rutledge,stacia.rutledge@utc.com,+1 410 123 4812,137
138,Philomena,Elliott,philomena.elliott@aetna.com,+1 410 123 4813,138
139,Gonzalo,Stone,gonzalo.stone@lowes.com,+1 301 123 4814,139
140,So,Hardin,so.hardin@ups.com,+1 410 123 4816,140
141,Lauren,Rodriquez,lauren.rodriquez@aig.com,+1 410 123 4817,141
142,Loan,Patton,loan.patton@prudential.com,+1 301 123 4818,142
143,Ha,Lowe,ha.lowe@intel.com,+1 301 123 4819,143
144,Alexandra,Mcgowan,alexandra.mcgowan@humana.com,+1 410 123 4822,144
145,Melissa,Nichols,melissa.nichols@disney.com,+1 410 123 4840,145
146,Keesha,Cohen,keesha.cohen@cisco.com,+1 414 123 4363,146
147,Elvera,Benson,elvera.benson@pfizer.com,+1 507 123 4387,147
148,Lanora,Ray,lanora.ray@dow.com,+1 612 123 4436,148
149,Jimmy,Weber,jimmy.weber@sysco.com,+1 219 123 4145,149
150,Mae,Wilkinson,mae.wilkinson@fedex.com,+1 616 123 4190,150
151,Lino,Noble,lino.noble@caterpillar.com,+1 313 123 4241,151
152,Kathie,Jordan,kathie.jordan@lockheedmartin.com,+1 616 123 4259,152
153,Heike,Emerson,heike.emerson@newyorklife.com,+1 319 123 4269,153
154,Princess,Jones,princess.jones@uhsinc.com,+1 712 123 4284,154
155,Doretha,Tyler,doretha.tyler@coca-colacompany.com,+1 712 123 4289,155
156,Emilio,Duncan,emilio.duncan@hcahealthcare.com,+1 414 123 4312,156
157,Glinda,Lambert,glinda.lambert@ingrammicro.com,+1 414 123 4364,157
158,Emery,Schneider,emery.schneider@owens-minor.com,+1 320 123 4385,158
159,Amado,Jefferson,amado.jefferson@energytransfer.com,+1 612 123 4407,159
160,Hisako,Herrera,hisako.herrera@tysonfoods.com,+1 716 123 4456,160
161,Jamee,Mclaughlin,jamee.mclaughlin@aa.com,+1 716 123 4582,161
162,Audrie,Cannon,audrie.cannon@delta.com,+1 716 123 4627,162
163,Lacey,Walters,lacey.walters@charter.com,+1 412 123 4677,163
164,Weldon,Robinson,weldon.robinson@nationwide.com,+1 215 123 4702,164
165,Solange,Gates,solange.gates@johnsoncontrols.com,+1 215 123 4749,165
166,Jame,Calhoun,jame.calhoun@bestbuy.com,+1 814 123 4755,166
167,Stefan,Walters,stefan.walters@merck.com,+1 301 123 4831,167
168,Arlene,Elliott,arlene.elliott@advanceautoparts.com,+1 313 123 4167,168
169,Sofia,Burnett,sofia.burnett@libertymutual.com,+1 219 123 4116,169
170,Christal,Grant,christal.grant@gs.com,+1 616 123 4166,170
171,Violeta,Stokes,violeta.stokes@honeywell.com,+1 810 123 4212,171
172,Jackeline,Finley,jackeline.finley@mastercard.com,+1 313 123 4240,172
173,Heidy,Massey,heidy.massey@massmutual.com,+1 414 123 4340,173
174,Yolando,Wilkerson,yolando.wilkerson@oracle.com,+1 716 123 4485,174
175,Lucinda,Hurley,lucinda.hurley@morganstanley.com,+1 518 123 4532,175
176,Gita,Logan,gita.logan@cigna.com,+1 518 123 4562,176
177,Felicita,Alston,felicita.alston@unitedcontinentalholdings.com,+1 315 123 4585,177
178,Lela,Ewing,lela.ewing@allstate.com,+1 412 123 4659,178
179,Gabriel,Pollard,gabriel.pollard@tiaa.org,+1 717 123 4679,179
180,Vincenza,Walton,vincenza.walton@intlfcstone.com,+1 215 123 4709,180
181,Shandra,Higgins,shandra.higgins@chsinc.com,+1 215 123 4751,181
182,Thomasena,Pickett,thomasena.pickett@americanexpress.com,+1 410 123 4807,182
183,Aaron,Holder,aaron.holder@gilead.com,+1 410 123 4829,183
184,Carlos,Moody,carlos.moody@publix.com,+86 811 012 4093,184
185,Javier,Kim,javier.kim@generaldynamics.com,+86 123 012 4095,185
186,Fran,Battle,fran.battle@tjx.com,+91 80 012 4123,186
187,Shelia,Brewer,shelia.brewer@conocophillips.com,+49 89 012 4129,187
188,Jeri,Randall,jeri.randall@nike.com,+49 90 012 4131,188
189,Jermaine,Cote,jermaine.cote@wfscorp.com,+49 91 012 4133,189
190,Kenneth,Simmons,kenneth.simmons@3m.com,+39 6 012 4543,190
191,Dulce,Matthews,dulce.matthews@mondelezinternational.com,+1 416 012 4147,191
192,Kristle,Cain,kristle.cain@exeloncorp.com,+39 55 012 4547,192
193,Erika,Murray,erika.murray@21cf.com,+39 55 012 4551,193
194,Maud,Cohen,maud.cohen@johndeere.com,+39 55 012 4555,194
195,Rolanda,Vang,rolanda.vang@appliedmaterials.com,+39 10 012 4365,195
196,Renea,Carney,renea.carney@dupont.com,+39 55 012 4565,196
197,Sybil,Harding,sybil.harding@avnet.com,+39 10 012 4367,197
198,Colette,Estrada,colette.estrada@eastman.com,+81 565 012 4567,198
199,Maximo,Ortega,maximo.ortega@macysinc.com,+39 10 012 4369,199
200,Kina,Larsen,kina.larsen@enterpriseproducts.com,+39 55 012 4569,200
201,Jarvis,Allison,jarvis.allison@travelers.com,+39 10 012 4371,201
202,Collene,Newton,collene.newton@sonicautomotive.com,+39 49 012 4373,202
203,Vella,Hancock,vella.hancock@pmi.com,+39 49 012 4375,203
204,Retta,Martinez,retta.martinez@riteaid.com,+39 49 012 4377,204
205,Annelle,Lawrence,annelle.lawrence@techdata.com,+39 10 012 4379,205
206,Sherron,Simon,sherron.simon@ally.com,+39 10 012 4381,206
207,Carita,Mcintyre,carita.mcintyre@northwesternmutual.com,+86 10 012 4165,207
208,Stephaine,Booker,stephaine.booker@tsocorp.com,+39 55 012 4559,208
209,Emilie,Parsons,emilie.parsons@timewarner.com,+39 10 012 4363,209
210,Jaleesa,Bowen,jaleesa.bowen@cstbrands.com,+66 76 012 4633,210
211,Jeannie,Poole,jeannie.poole@aboutmcdonalds.com,+91 80 012 4637,211
212,Adrienne,Lang,adrienne.lang@qualcomm.com,+39 2 012 4771,212
213,Jess,Nguyen,jess.nguyen@searsholdings.com,+39 2 012 4773,213
214,Tandy,House,tandy.house@ebay.com,+39 2 012 4775,214
215,Herman,Stokes,herman.stokes@capitalone.com,+39 49 012 4777,215
216,Keesha,Lambert,keesha.lambert@emc.com,+39 49 012 4779,216
217,Lauren,Williamson,lauren.williamson@usaa.com,+39 49 012 4781,217
218,Lucius,Abbott,lucius.abbott@lennar.com,+91 80 012 4783,218
219,Beatrice,Ford,beatrice.ford@duke-energy.com,+91 80 012 4785,219
220,Tamisha,Vargas,tamisha.vargas@twc.com,+91 80 012 4793,220
221,Dick,Lamb,dick.lamb@halliburton.com,+91 80 012 4803,221
222,Yolanda,Ball,yolanda.ball@gamestopcorp.com,+91 80 012 4809,222
223,Jerica,Brooks,jerica.brooks@northropgrumman.com,+91 11 012 4811,223
224,Nichol,Carter,nichol.carter@arrow.com,+91 11 012 4813,224
225,Bobby,Wilson,bobby.wilson@rsac.com,+91 11 012 4817,225
226,Eve,Saunders,eve.saunders@officedep com,+91 80 012 4823,226
227,Ginger,Atkinson,ginger.atkinson@nordstrom.com,+91 33 012 4825,227
228,Kenton,Harrell,kenton.harrell@kindermorgan.com,+91 33 012 4827,228
229,Misti,Velazquez,misti.velazquez@aramark.com,+91 80 012 4829,229
230,Brandie,Buchanan,brandie.buchanan@davita.com,+91 22 012 4831,230
231,Kandi,Holden,kandi.holden@molinahealthcare.com,+91 80 012 4833,231
232,Lashonda,Cunningham,lashonda.cunningham@wellcare.com,+91 11 012 4835,232
233,Roxanne,Michalkow,roxanne.michalkow@cbscorporation.com,+91 172 012 4837,233
234,Phuong,Sanders,phuong.sanders@visa.com,+91 22 012 4839,234
235,Vida,Kline,vida.kline@lfg.com,+91 80 012 4841,235
236,Mayola,Houston,mayola.houston@ecolab.com,+91 80 012 4843,236
237,Cristine,Bell,cristine.bell@kelloggcompany.com,+91 11 012 4851,237
238,Shamika,Bauer,shamika.bauer@chrobinson.com,+91 11 012 4853,238
239,Rebbeca,Day,rebbeca.day@textron.com,+91 172 012 4861,239
240,Maryrose,Cain,maryrose.cain@loews.com,+91 80 012 4869,240
241,Johnie,Rojas,johnie.rojas@itw.com,+91 80 012 4887,241
242,Verla,Christian,verla.christian@synnex.com,+91 80 012 4889,242
243,Teressa,Hewitt,teressa.hewitt@hormelfoods.com,+91 80 012 4891,243
244,Shenna,Blair,shenna.blair@viacom.com,+91 141 012 4895,244
245,Latoyia,Burt,latoyia.burt@hollyfrontier.com,+91 80 012 4907,245
246,Shaquita,Norman,shaquita.norman@landolakesinc.com,+91 80 012 4919,246
247,Myrna,Romero,myrna.romero@celgene.com,+91 80 012 4931,247
248,Bill,Stein,bill.stein@devonenergy.com,+39 6 012 4501,248
249,Olivia,Conrad,olivia.conrad@pbfenergy.com,+39 6 012 4503,249
250,Marianne,Bryant,marianne.bryant@genworth.com,+39 6 012 4507,250
251,Dustin,Paul,dustin.paul@yum.com,+39 6 012 4511,251
252,Elroy,Wolf,elroy.wolf@ti.com,+39 6 012 4515,252
253,Jadwiga,Morrison,jadwiga.morrison@cdw.com,+39 6 012 4519,253
254,Isabella,Ortega,isabella.ortega@paypal.com,+39 6 012 4531,254
255,Katia,Case,katia.case@wm.com,+39 6 012 4535,255
256,Enriqueta,Odom,enriqueta.odom@mmc.com,+39 6 012 4539,256
257,Don,Hansen,don.hansen@chk.com,+39 10 012 4385,257
258,Herb,Sloan,herb.sloan@pricelinegroup.com,+39 10 012 4387,258
259,Blanche,Robbins,blanche.robbins@parker.com,+39 6 012 4389,259
260,Gaynell,Burton,gaynell.burton@oxy.com,+39 6 012 4391,260
261,Marhta,Baldwin,marhta.baldwin@guardianlife.com,+39 49 012 4409,261
262,Peter,Gamble,peter.gamble@mgmresorts.com,+39 49 012 4411,262
263,Nathan,Callahan,nathan.callahan@farmers.com,+39 10 012 4413,263
264,Tereasa,Padilla,tereasa.padilla@jcpenney.com,+39 49 012 4415,264
265,Merrilee,Phillips,merrilee.phillips@conedison.com,+39 49 012 4417,265
266,Tisha,Mcdonald,tisha.mcdonald@autoliv.com,+39 49 012 4419,266
267,Napoleon,Cruz,napoleon.cruz@cognizant.com,+39 10 012 4421,267
268,Basilia,Downs,basilia.downs@vfc.com,+66 76 012 4441,268
269,Alessandra,Estrada,alessandra.estrada@ameriprise.com,+41 56 012 3527,269
270,Sherron,Flores,sherron.flores@fnf.com,+41 57 012 3529,270
271,Elicia,Townsend,elicia.townsend@csc.com,+41 58 012 3531,271
272,Percy,Hernandez,percy.hernandez@lb.com,+41 59 012 3533,272
273,Shelia,Cain,shelia.cain@jacobs.com,+41 60 012 3535,273
274,Charlene,Booker,charlene.booker@republicservices.com,+41 61 012 3537,274
275,Mac,Mckay,mac.mckay@principal.com,+41 62 012 3539,275
276,Jamison,Merritt,jamison.merritt@rossstores.com,+41 63 012 3541,276
277,Quinton,Woods,quinton.woods@bedbathandbeyond.com,+41 64 012 3543,277
278,Cathey,Mcdowell,cathey.mcdowell@csx.com,+41 65 012 3545,278
279,Deneen,Hays,deneen.hays@toysrusinc.com,+41 66 012 3547,279
280,Jackson,Morin,jackson.morin@sands.com,+41 67 012 3549,280
281,Margo,Hoffman,margo.hoffman@leucadia.com,+41 2 012 3551,281
282,Adah,Myers,adah.myers@dom.com,+41 3 012 3553,282
283,Florene,Craig,florene.craig@ussteel.com,+41 81 012 3555,283
284,Janey,Burris,janey.burris@l-3com.com,+41 81 012 3557,284
285,Evelina,Campbell,evelina.campbell@edisoninvestor.com,+41 71 012 3559,285
286,Thi,Maxwell,thi.maxwell@entergy.com,+41 71 012 3561,286
287,Aleshia,Reese,aleshia.reese@adp.com,+41 4 012 3563,287
288,Dorotha,Wong,dorotha.wong@firstdata.com,+41 6 012 3565,288
289,Estela,Donovan,estela.donovan@blackrock.com,+41 7 012 3567,289
290,Hassan,Rivers,hassan.rivers@westrock.com,+41 31 012 3569,290
291,Jen,Mcmahon,jen.mcmahon@voya.com,+41 68 012 3571,291
292,Barbie,Carter,barbie.carter@sherwin.com,+41 5 012 3573,292
293,Cleo,English,cleo.english@hiltonworldwide.com,+41 8 012 3575,293
294,Liana,Pena,liana.pena@corning.com,+41 1 012 3577,294
295,Francina,Slater,francina.slater@rrdonnelley.com,+41 9 012 3579,295
296,Josie,Steele,josie.steele@stanleyblackanddecker.com,+41 69 012 3581,296
297,Maryrose,Roberson,maryrose.roberson@xcelenergy.com,+41 70 012 3583,297
298,Elly,Salinas,elly.salinas@kiewit.com,+91 80 012 3687,298
299,Ginny,Carlson,ginny.carlson@orate.murphyusa.com,+91 80 012 3689,299
300,Mozelle,Schneider,mozelle.schneider@cbre.com,+91 80 012 3695,300
301,Adam,Jacobs,adam.jacobs@univar.com,+91 80 012 3699,301
302,Vernia,Hayes,vernia.hayes@drhorton.com,+91 80 012 3701,302
303,Ismael,Solomon,ismael.solomon@elcompanies.com,+91 80 012 3703,303
304,Ivey,Rutledge,ivey.rutledge@praxair.com,+91 80 012 3709,304
305,Jame,Terrell,jame.terrell@biogen.com,+91 80 012 3711,305
306,Daina,Combs,daina.combs@mosaicco.com,+91 80 012 3715,306
307,Lashunda,Davidson,lashunda.davidson@statestreet.com,+91 80 012 3717,307
308,Arlette,Thornton,arlette.thornton@unum.com,+91 80 012 3719,308
309,Darron,Robertson,darron.robertson@reynoldsamerican.com,+91 80 012 3723,309
310,Maple,Barnett,maple.barnett@core-mark.com,+91 80 012 3725,310
311,Charlsie,Carey,charlsie.carey@group1auto.com,+91 80 012 3731,311
312,Frank,Shannon,frank.shannon@henryschein.com,+91 80 012 3733,312
313,Josiah,Beasley,josiah.beasley@hertz.com,+91 80 012 3735,313
314,Annabelle,Butler,annabelle.butler@thrivent.com,+91 80 012 3737,314
315,Ed,Mueller,ed.mueller@nscorp.com,+91 80 012 3739,315
316,Colleen,Estrada,colleen.estrada@rgare.com,+91 80 012 3741,316
317,Nikia,Kent,nikia.kent@pseg.com,+91 80 012 3745,317
318,Amber,Brady,amber.brady@c-a-m.com,+91 80 012 3837,318
319,Wendell,Massey,wendell.massey@bbt.com,+86 10 012 3839,319
